INSERT IGNORE INTO roles (id, name) VALUES (1, 'ROLE_ADMIN');
INSERT IGNORE INTO roles (id, name) VALUES (2, 'ROLE_MANAGER');
INSERT IGNORE INTO roles (id, name) VALUES (3, 'ROLE_EMPLOYEE');
INSERT IGNORE INTO users (id, name, email, password, role_id, manager_id, department, location, status) VALUES (1, 'Chirag Boliwal', 'admin@precision.com', 'admin123', 1, NULL, 'IT Administration', 'Bangalore, IN', 'Active');
INSERT IGNORE INTO users (id, name, email, password, role_id, manager_id, department, location, status) VALUES (2, 'Priya Sharma', 'manager.eng@precision.com', 'manager123', 2, 1, 'Engineering', 'Bangalore, IN', 'Active');
INSERT IGNORE INTO users (id, name, email, password, role_id, manager_id, department, location, status) VALUES (3, 'Rohan Mehta', 'manager.design@precision.com', 'manager123', 2, 1, 'Design', 'Mumbai, IN', 'Active');
INSERT IGNORE INTO users (id, name, email, password, role_id, manager_id, department, location, status) VALUES (4, 'Alice Smith', 'alice@precision.com', 'employee123', 3, 2, 'Engineering', 'Remote', 'Active');
INSERT IGNORE INTO users (id, name, email, password, role_id, manager_id, department, location, status) VALUES (5, 'Bob Jones', 'bob@precision.com', 'employee123', 3, 2, 'Engineering', 'Hyderabad, IN', 'Active');
INSERT IGNORE INTO users (id, name, email, password, role_id, manager_id, department, location, status) VALUES (6, 'Sarah Jenkins', 'sarah@precision.com', 'employee123', 3, 3, 'Design', 'San Francisco, CA', 'Active');
INSERT IGNORE INTO users (id, name, email, password, role_id, manager_id, department, location, status) VALUES (7, 'Daniel Lee', 'daniel@precision.com', 'employee123', 3, 2, 'Engineering', 'Remote', 'Active');
INSERT IGNORE INTO users (id, name, email, password, role_id, manager_id, department, location, status) VALUES (8, 'Maya Patel', 'maya@precision.com', 'employee123', 3, 3, 'Design', 'Pune, IN', 'Active');
INSERT IGNORE INTO skills (id, name, category) VALUES (1, 'Java', 'Backend');
INSERT IGNORE INTO skills (id, name, category) VALUES (2, 'Spring Boot', 'Backend');
INSERT IGNORE INTO skills (id, name, category) VALUES (3, 'React', 'Frontend');
INSERT IGNORE INTO skills (id, name, category) VALUES (4, 'TypeScript', 'Frontend');
INSERT IGNORE INTO skills (id, name, category) VALUES (5, 'Figma', 'Design');
INSERT IGNORE INTO skills (id, name, category) VALUES (6, 'UI/UX Research', 'Design');
INSERT IGNORE INTO skills (id, name, category) VALUES (7, 'MySQL', 'Database');
INSERT IGNORE INTO skills (id, name, category) VALUES (8, 'AWS', 'DevOps');
INSERT IGNORE INTO user_skills (user_id, skill_id, proficiency_level, years_experience) VALUES (4, 3, 5, 4);
INSERT IGNORE INTO user_skills (user_id, skill_id, proficiency_level, years_experience) VALUES (4, 4, 4, 3);
INSERT IGNORE INTO user_skills (user_id, skill_id, proficiency_level, years_experience) VALUES (5, 1, 5, 6);
INSERT IGNORE INTO user_skills (user_id, skill_id, proficiency_level, years_experience) VALUES (5, 2, 5, 5);
INSERT IGNORE INTO user_skills (user_id, skill_id, proficiency_level, years_experience) VALUES (5, 7, 4, 4);
INSERT IGNORE INTO user_skills (user_id, skill_id, proficiency_level, years_experience) VALUES (6, 5, 5, 5);
INSERT IGNORE INTO user_skills (user_id, skill_id, proficiency_level, years_experience) VALUES (6, 6, 4, 3);
INSERT IGNORE INTO user_skills (user_id, skill_id, proficiency_level, years_experience) VALUES (7, 1, 4, 3);
INSERT IGNORE INTO user_skills (user_id, skill_id, proficiency_level, years_experience) VALUES (7, 3, 4, 2);
INSERT IGNORE INTO user_skills (user_id, skill_id, proficiency_level, years_experience) VALUES (8, 5, 3, 2);
INSERT IGNORE INTO jobs (id, title, description, department, location, type, status, posted_date) VALUES (1, 'Senior Backend Engineer', 'Looking for an experienced Java developer.', 'Engineering', 'Remote', 'Full-time', 'OPEN', '2026-03-20');
INSERT IGNORE INTO jobs (id, title, description, department, location, type, status, posted_date) VALUES (2, 'Senior Product Designer', 'Lead the design system.', 'Design', 'San Francisco, CA', 'Full-time', 'OPEN', '2026-03-25');
INSERT IGNORE INTO jobs (id, title, description, department, location, type, status, posted_date) VALUES (3, 'DevOps Engineer', 'Own CI/CD pipelines on AWS.', 'Infrastructure', 'Remote', 'Full-time', 'OPEN', '2026-04-01');
INSERT IGNORE INTO jobs (id, title, description, department, location, type, status, posted_date) VALUES (4, 'React Frontend Developer', 'Build and maintain React apps.', 'Engineering', 'Bangalore, IN', 'Full-time', 'OPEN', '2026-04-02');
INSERT IGNORE INTO jobs (id, title, description, department, location, type, status, posted_date) VALUES (5, 'Product Manager', 'Drive product strategy.', 'Product', 'Mumbai, IN', 'Full-time', 'CLOSED', '2026-03-10');
INSERT IGNORE INTO applications (id, job_id, user_id, status, applied_date) VALUES (1, 1, 7, 'INTERVIEWING', '2026-03-22');
INSERT IGNORE INTO applications (id, job_id, user_id, status, applied_date) VALUES (2, 2, 8, 'APPLIED', '2026-03-26');
INSERT IGNORE INTO applications (id, job_id, user_id, status, applied_date) VALUES (3, 4, 4, 'OFFERED', '2026-04-03');
